-- MySQL dump 10.13  Distrib 8.0.21, for Win64 (x86_64)
--
-- Host: localhost    Database: test
-- ------------------------------------------------------
-- Server version	5.7.28-log

/*!40101 SET @OLD_CHARACTER_SET_CLIENT=@@CHARACTER_SET_CLIENT */;
/*!40101 SET @OLD_CHARACTER_SET_RESULTS=@@CHARACTER_SET_RESULTS */;
/*!40101 SET @OLD_COLLATION_CONNECTION=@@COLLATION_CONNECTION */;
/*!50503 SET NAMES utf8 */;
/*!40103 SET @OLD_TIME_ZONE=@@TIME_ZONE */;
/*!40103 SET TIME_ZONE='+00:00' */;
/*!40014 SET @OLD_UNIQUE_CHECKS=@@UNIQUE_CHECKS, UNIQUE_CHECKS=0 */;
/*!40014 SET @OLD_FOREIGN_KEY_CHECKS=@@FOREIGN_KEY_CHECKS, FOREIGN_KEY_CHECKS=0 */;
/*!40101 SET @OLD_SQL_MODE=@@SQL_MODE, SQL_MODE='NO_AUTO_VALUE_ON_ZERO' */;
/*!40111 SET @OLD_SQL_NOTES=@@SQL_NOTES, SQL_NOTES=0 */;

--
-- Table structure for table `order_product`
--

DROP TABLE IF EXISTS `order_product`;
/*!40101 SET @saved_cs_client     = @@character_set_client */;
/*!50503 SET character_set_client = utf8mb4 */;
CREATE TABLE `order_product` (
  `order_id` int(11) DEFAULT NULL,
  `product_id` int(11) DEFAULT NULL,
  KEY `order_product_order_fk` (`order_id`),
  KEY `order_product_product_fk` (`product_id`),
  CONSTRAINT `order_product_order_fk` FOREIGN KEY (`order_id`) REFERENCES `orders` (`order_id`),
  CONSTRAINT `order_product_product_fk` FOREIGN KEY (`product_id`) REFERENCES `products` (`product_id`)
) ENGINE=InnoDB DEFAULT CHARSET=latin1;
/*!40101 SET character_set_client = @saved_cs_client */;

--
-- Dumping data for table `order_product`
--

LOCK TABLES `order_product` WRITE;
/*!40000 ALTER TABLE `order_product` DISABLE KEYS */;
INSERT INTO `order_product` VALUES (52,101),(82,101),(162,101),(187,101),(206,101),(255,101),(259,101),(266,101),(361,101),(411,101),(421,101),(439,101),(455,101),(503,101),(617,101),(641,101),(669,101),(671,101),(718,101),(759,101),(808,101),(827,101),(871,101),(916,101),(919,101),(963,101),(20,102),(25,102),(27,102),(35,102),(75,102),(77,102),(78,102),(79,102),(94,102),(105,102),(182,102),(248,102),(267,102),(291,102),(296,102),(315,102),(344,102),(351,102),(357,102),(372,102),(414,102),(423,102),(426,102),(440,102),(444,102),(478,102),(547,102),(549,102),(566,102),(567,102),(582,102),(595,102),(596,102),(598,102),(603,102),(620,102),(639,102),(659,102),(676,102),(699,102),(719,102),(727,102),(762,102),(768,102),(769,102),(795,102),(798,102),(799,102),(813,102),(816,102),(825,102),(826,102),(832,102),(836,102),(875,102),(886,102),(906,102),(918,102),(921,102),(978,102),(980,102),(988,102),(23,103),(29,103),(40,103),(42,103),(51,103),(65,103),(71,103),(74,103),(90,103),(99,103),(114,103),(117,103),(124,103),(143,103),(154,103),(178,103),(183,103),(193,103),(216,103),(218,103),(269,103),(273,103),(295,103),(317,103),(337,103),(347,103),(348,103),(376,103),(384,103),(410,103),(416,103),(433,103),(467,103),(485,103),(495,103),(501,103),(562,103),(611,103),(658,103),(662,103),(704,103),(715,103),(728,103),(738,103),(745,103),(756,103),(770,103),(788,103),(790,103),(792,103),(811,103),(812,103),(819,103),(829,103),(842,103),(856,103),(864,103),(873,103),(878,103),(885,103),(890,103),(894,103),(909,103),(959,103),(966,103),(974,103),(995,103),(996,103),(9,104),(13,104),(19,104),(24,104),(26,104),(33,104),(49,104),(61,104),(70,104),(73,104),(93,104),(126,104),(189,104),(195,104),(198,104),(215,104),(230,104),(232,104),(233,104),(257,104),(287,104),(289,104),(290,104),(305,104),(306,104),(350,104),(375,104),(378,104),(405,104),(419,104),(428,104),(441,104),(447,104),(470,104),(477,104),(481,104),(496,104),(510,104),(542,104),(560,104),(583,104),(618,104),(625,104),(627,104),(689,104),(707,104),(716,104),(720,104),(742,104),(752,104),(755,104),(777,104),(877,104),(927,104),(931,104),(956,104),(973,104),(985,104),(989,104),(7,105),(10,105),(32,105),(34,105),(91,105),(110,105),(134,105),(140,105),(172,105),(181,105),(221,105),(236,105),(241,105),(261,105),(300,105),(309,105),(319,105),(322,105),(334,105),(359,105),(374,105),(386,105),(398,105),(429,105),(446,105),(448,105),(458,105),(464,105),(482,105),(484,105),(489,105),(502,105),(532,105),(575,105),(576,105),(604,105),(626,105),(635,105),(636,105),(646,105),(668,105),(675,105),(713,105),(729,105),(760,105),(771,105),(778,105),(789,105),(805,105),(828,105),(833,105),(837,105),(839,105),(841,105),(855,105),(899,105),(910,105),(922,105),(954,105),(967,105),(999,105),(62,106),(76,106),(84,106),(86,106),(92,106),(137,106),(139,106),(150,106),(152,106),(155,106),(179,106),(202,106),(205,106),(207,106),(212,106),(219,106),(245,106),(247,106),(250,106),(321,106),(328,106),(332,106),(362,106),(366,106),(370,106),(391,106),(413,106),(472,106),(479,106),(490,106),(493,106),(529,106),(546,106),(554,106),(559,106),(570,106),(577,106),(586,106),(608,106),(631,106),(647,106),(661,106),(665,106),(693,106),(705,106),(710,106),(731,106),(733,106),(793,106),(834,106),(845,106),(846,106),(851,106),(853,106),(868,106),(889,106),(911,106),(932,106),(935,106),(942,106),(979,106),(981,106),(986,106),(991,106),(6,107),(14,107),(17,107),(22,107),(59,107),(64,107),(85,107),(119,107),(122,107),(128,107),(131,107),(153,107),(165,107),(171,107),(197,107),(240,107),(242,107),(244,107),(246,107),(262,107),(293,107),(311,107),(340,107),(396,107),(422,107),(427,107),(435,107),(449,107),(468,107),(491,107),(508,107),(514,107),(527,107),(535,107),(541,107),(545,107),(556,107),(565,107),(597,107),(602,107),(630,107),(632,107),(643,107),(680,107),(687,107),(695,107),(722,107),(732,107),(736,107),(739,107),(754,107),(764,107),(787,107),(807,107),(817,107),(847,107),(850,107),(865,107),(874,107),(893,107),(902,107),(944,107),(945,107),(946,107),(948,107),(965,107),(970,107),(975,107),(977,107),(28,108),(43,108),(55,108),(67,108),(72,108),(83,108),(113,108),(123,108),(141,108),(169,108),(175,108),(184,108),(194,108),(201,108),(235,108),(252,108),(263,108),(268,108),(270,108),(298,108),(299,108),(323,108),(335,108),(355,108),(358,108),(379,108),(392,108),(394,108),(401,108),(404,108),(408,108),(418,108),(471,108),(492,108),(523,108),(544,108),(558,108),(564,108),(579,108),(612,108),(628,108),(653,108),(672,108),(682,108),(706,108),(709,108),(734,108),(737,108),(750,108),(758,108),(761,108),(772,108),(782,108),(794,108),(815,108),(835,108),(838,108),(843,108),(852,108),(872,108),(880,108),(884,108),(897,108),(901,108),(912,108),(924,108),(928,108),(984,108),(993,108),(5,109),(12,109),(45,109),(46,109),(58,109),(66,109),(81,109),(87,109),(109,109),(115,109),(130,109),(132,109),(138,109),(157,109),(164,109),(217,109),(226,109),(239,109),(256,109),(260,109),(272,109),(275,109),(278,109),(329,109),(330,109),(345,109),(356,109),(383,109),(438,109),(452,109),(480,109),(500,109),(504,109),(516,109),(522,109),(526,109),(538,109),(573,109),(588,109),(594,109),(599,109),(605,109),(607,109),(649,109),(655,109),(660,109),(677,109),(683,109),(692,109),(698,109),(700,109),(701,109),(702,109),(767,109),(780,109),(796,109),(802,109),(818,109),(821,109),(830,109),(831,109),(867,109),(882,109),(895,109),(900,109),(907,109),(913,109),(934,109),(951,109),(976,109),(994,109),(4,110),(15,110),(16,110),(21,110),(48,110),(107,110),(120,110),(142,110),(159,110),(166,110),(173,110),(196,110),(228,110),(294,110),(303,110),(304,110),(320,110),(327,110),(338,110),(377,110),(395,110),(397,110),(403,110),(431,110),(436,110),(442,110),(487,110),(488,110),(509,110),(568,110),(638,110),(651,110),(656,110),(688,110),(730,110),(735,110),(743,110),(763,110),(766,110),(775,110),(781,110),(803,110),(804,110),(859,110),(862,110),(925,110),(937,110),(947,110),(958,110),(968,110),(971,110),(3,111),(60,111),(63,111),(80,111),(89,111),(108,111),(158,111),(160,111),(168,111),(199,111),(200,111),(251,111),(253,111),(254,111),(276,111),(277,111),(279,111),(292,111),(302,111),(307,111),(314,111),(333,111),(343,111),(349,111),(354,111),(363,111),(365,111),(390,111),(406,111),(425,111),(434,111),(443,111),(454,111),(457,111),(460,111),(462,111),(466,111),(474,111),(483,111),(486,111),(498,111),(517,111),(519,111),(520,111),(528,111),(533,111),(555,111),(572,111),(574,111),(581,111),(624,111),(634,111),(648,111),(674,111),(679,111),(691,111),(694,111),(714,111),(726,111),(749,111),(753,111),(779,111),(791,111),(806,111),(840,111),(858,111),(861,111),(870,111),(879,111),(905,111),(930,111),(938,111),(940,111),(941,111),(982,111),(18,112),(30,112),(38,112),(53,112),(96,112),(97,112),(104,112),(111,112),(144,112),(161,112),(163,112),(167,112),(213,112),(222,112),(223,112),(224,112),(227,112),(234,112),(249,112),(258,112),(265,112),(280,112),(308,112),(336,112),(346,112),(360,112),(367,112),(382,112),(385,112),(399,112),(409,112),(415,112),(417,112),(451,112),(476,112),(506,112),(512,112),(521,112),(531,112),(534,112),(537,112),(548,112),(591,112),(593,112),(609,112),(613,112),(621,112),(623,112),(633,112),(670,112),(686,112),(697,112),(712,112),(721,112),(723,112),(725,112),(744,112),(746,112),(776,112),(784,112),(785,112),(797,112),(849,112),(876,112),(888,112),(896,112),(936,112),(949,112),(950,112),(953,112),(962,112),(1000,112),(36,113),(41,113),(54,113),(100,113),(102,113),(103,113),(135,113),(145,113),(146,113),(147,113),(174,113),(176,113),(186,113),(188,113),(191,113),(203,113),(229,113),(282,113),(285,113),(288,113),(325,113),(331,113),(339,113),(368,113),(371,113),(388,113),(393,113),(412,113),(461,113),(465,113),(473,113),(505,113),(511,113),(513,113),(536,113),(571,113),(585,113),(606,113),(610,113),(615,113),(616,113),(629,113),(642,113),(650,113),(652,113),(664,113),(681,113),(690,113),(724,113),(751,113),(757,113),(765,113),(774,113),(810,113),(824,113),(892,113),(917,113),(943,113),(952,113),(972,113),(11,114),(39,114),(44,114),(47,114),(57,114),(69,114),(95,114),(98,114),(106,114),(112,114),(127,114),(136,114),(148,114),(151,114),(156,114),(170,114),(180,114),(190,114),(192,114),(220,114),(237,114),(238,114),(243,114),(271,114),(286,114),(310,114),(312,114),(318,114),(326,114),(341,114),(352,114),(353,114),(364,114),(369,114),(400,114),(430,114),(437,114),(450,114),(453,114),(459,114),(463,114),(469,114),(475,114),(497,114),(540,114),(543,114),(550,114),(557,114),(561,114),(563,114),(569,114),(578,114),(580,114),(584,114),(589,114),(619,114),(637,114),(640,114),(644,114),(703,114),(741,114),(747,114),(783,114),(800,114),(814,114),(820,114),(822,114),(844,114),(854,114),(857,114),(860,114),(863,114),(866,114),(869,114),(891,114),(904,114),(908,114),(914,114),(926,114),(933,114),(939,114),(969,114),(992,114),(1,115),(2,115),(8,115),(50,115),(56,115),(88,115),(116,115),(118,115),(121,115),(125,115),(129,115),(177,115),(185,115),(209,115),(210,115),(211,115),(225,115),(264,115),(281,115),(283,115),(297,115),(316,115),(373,115),(381,115),(387,115),(402,115),(407,115),(432,115),(445,115),(456,115),(494,115),(499,115),(507,115),(524,115),(525,115),(530,115),(551,115),(552,115),(587,115),(590,115),(592,115),(600,115),(601,115),(614,115),(622,115),(663,115),(666,115),(673,115),(678,115),(684,115),(685,115),(696,115),(711,115),(717,115),(740,115),(748,115),(786,115),(801,115),(809,115),(823,115),(887,115),(898,115),(915,115),(920,115),(923,115),(957,115),(960,115),(964,115),(983,115),(987,115),(990,115),(997,115);
/*!40000 ALTER TABLE `order_product` ENABLE KEYS */;
UNLOCK TABLES;

--
-- Table structure for table `orders`
--

DROP TABLE IF EXISTS `orders`;
/*!40101 SET @saved_cs_client     = @@character_set_client */;
/*!50503 SET character_set_client = utf8mb4 */;
CREATE TABLE `orders` (
  `order_id` int(11) NOT NULL,
  `user_id` int(11) DEFAULT NULL,
  `product_id` int(11) DEFAULT NULL,
  `order_date` decimal(8,0) DEFAULT NULL,
  `quantity` int(11) DEFAULT NULL,
  `total_amount` decimal(10,2) DEFAULT NULL,
  PRIMARY KEY (`order_id`),
  KEY `orders_ibfk_1` (`user_id`),
  KEY `orders_ibfk_2` (`product_id`),
  CONSTRAINT `orders_ibfk_1` FOREIGN KEY (`user_id`) REFERENCES `users` (`user_id`),
  CONSTRAINT `orders_ibfk_2` FOREIGN KEY (`product_id`) REFERENCES `products` (`product_id`)
) ENGINE=InnoDB DEFAULT CHARSET=latin1;
/*!40101 SET character_set_client = @saved_cs_client */;

--
-- Dumping data for table `orders`
--

LOCK TABLES `orders` WRITE;
/*!40000 ALTER TABLE `orders` DISABLE KEYS */;
INSERT INTO `orders` VALUES (1,10,115,20230628,16,1407.84),(2,10,115,20240117,9,791.91),(3,3,111,20230814,6,659.94),(4,9,110,20230526,9,899.91),(5,10,109,20230605,3,269.97),(6,7,107,20230321,7,244.93),(7,3,105,20231203,15,899.85),(8,4,115,20231128,5,439.95),(9,9,104,20231225,13,519.87),(10,1,105,20231127,3,179.97),(11,10,114,20231008,1,44.99),(12,4,109,20230819,11,989.89),(13,7,104,20231213,10,399.90),(14,4,107,20230727,8,279.92),(15,7,110,20230823,12,1199.88),(16,2,110,20231223,4,399.96),(17,8,107,20230515,4,139.96),(18,7,112,20240121,5,379.95),(19,2,104,20230409,12,479.88),(20,2,102,20231005,9,449.91),(21,3,110,20230426,2,199.98),(22,6,107,20230421,8,279.92),(23,10,103,20231108,4,79.96),(24,2,104,20230222,2,79.98),(25,2,102,20230716,8,399.92),(26,10,104,20230422,15,599.85),(27,10,102,20231119,10,499.90),(28,8,108,20230813,15,1049.85),(29,8,103,20230519,11,219.89),(30,1,112,20230130,14,1063.86),(32,5,105,20230213,10,599.90),(33,9,104,20230310,7,279.93),(34,10,105,20230813,11,659.89),(35,3,102,20230608,11,549.89),(36,4,113,20240103,12,755.88),(38,10,112,20231204,6,455.94),(39,4,114,20231109,6,269.94),(40,9,103,20230403,7,139.93),(41,10,113,20230314,13,818.87),(42,3,103,20230424,5,99.95),(43,5,108,20231226,1,69.99),(44,4,114,20230423,7,314.93),(45,9,109,20230529,14,1259.86),(46,7,109,20230308,7,629.93),(47,8,114,20230728,9,404.91),(48,6,110,20230418,8,799.92),(49,5,104,20230813,16,639.84),(50,6,115,20230516,4,351.96),(51,2,103,20230424,5,99.95),(52,5,101,20231211,16,479.84),(53,5,112,20230510,10,759.90),(54,10,113,20231128,16,1007.84),(55,9,108,20231020,8,559.92),(56,6,115,20230401,13,1143.87),(57,7,114,20230317,2,89.98),(58,9,109,20230525,15,1349.85),(59,1,107,20230827,10,349.90),(60,5,111,20230909,16,1759.84),(61,6,104,20230912,1,39.99),(62,8,106,20231220,12,959.88),(63,10,111,20230305,2,219.98),(64,8,107,20230430,1,34.99),(65,9,103,20230624,1,19.99),(66,7,109,20240119,9,809.91),(67,5,108,20230921,11,769.89),(69,10,114,20230305,4,179.96),(70,5,104,20231024,4,159.96),(71,5,103,20231011,15,299.85),(72,1,108,20231005,7,489.93),(73,8,104,20230712,7,279.93),(74,1,103,20231002,16,319.84),(75,1,102,20230323,16,799.84),(76,8,106,20230221,2,159.98),(77,8,102,20231203,4,199.96),(78,1,102,20231008,16,799.84),(79,8,102,20231204,9,449.91),(80,2,111,20230924,11,1209.89),(81,2,109,20230904,11,989.89),(82,4,101,20230701,6,179.94),(83,10,108,20230610,8,559.92),(84,7,106,20240107,7,559.93),(85,1,107,20231221,1,34.99),(86,2,106,20230709,4,319.96),(87,5,109,20230228,11,989.89),(88,5,115,20231209,8,703.92),(89,2,111,20230318,14,1539.86),(90,6,103,20230922,1,19.99),(91,4,105,20230808,8,479.92),(92,10,106,20230611,3,239.97),(93,4,104,20231211,9,359.91),(94,4,102,20230808,16,799.84),(95,4,114,20230804,2,89.98),(96,3,112,20231222,12,911.88),(97,3,112,20230712,2,151.98),(98,7,114,20231019,1,44.99),(99,1,103,20230304,3,59.97),(100,1,113,20231201,13,818.87),(102,9,113,20231010,4,251.96),(103,1,113,20231124,9,566.91),(104,1,112,20230622,14,1063.86),(105,5,102,20230706,13,649.87),(106,4,114,20230220,3,134.97),(107,6,110,20230512,14,1399.86),(108,3,111,20230320,1,109.99),(109,6,109,20230131,5,449.95),(110,1,105,20230817,9,539.91),(111,3,112,20240106,11,835.89),(112,1,114,20230614,12,539.88),(113,9,108,20230329,8,559.92),(114,7,103,20230825,6,119.94),(115,7,109,20230430,1,89.99),(116,6,115,20240120,8,703.92),(117,1,103,20230326,3,59.97),(118,1,115,20230908,9,791.91),(119,3,107,20230626,9,314.91),(120,10,110,20231122,9,899.91),(121,2,115,20230913,10,879.90),(122,8,107,20230317,3,104.97),(123,3,108,20230131,5,349.95),(124,3,103,20240103,2,39.98),(125,3,115,20230528,3,263.97),(126,5,104,20231111,10,399.90),(127,5,114,20230322,7,314.93),(128,8,107,20230711,14,489.86),(129,3,115,20230601,13,1143.87),(130,6,109,20230930,2,179.98),(131,6,107,20230617,1,34.99),(132,6,109,20231112,5,449.95),(134,8,105,20240104,8,479.92),(135,8,113,20230525,11,692.89),(136,2,114,20231006,2,89.98),(137,5,106,20230514,3,239.97),(138,4,109,20230212,5,449.95),(139,6,106,20230215,6,479.94),(140,3,105,20230510,14,839.86),(141,9,108,20230917,4,279.96),(142,10,110,20230219,5,499.95),(143,10,103,20231028,14,279.86),(144,10,112,20230727,7,531.93),(145,3,113,20230222,3,188.97),(146,3,113,20230916,9,566.91),(147,9,113,20230905,16,1007.84),(148,8,114,20230704,4,179.96),(150,1,106,20231210,11,879.89),(151,1,114,20230309,10,449.90),(152,8,106,20240112,14,1119.86),(153,8,107,20230629,12,419.88),(154,1,103,20230225,3,59.97),(155,4,106,20230906,15,1199.85),(156,9,114,20231222,14,629.86),(157,7,109,20230718,13,1169.87),(158,7,111,20231117,7,769.93),(159,8,110,20230304,2,199.98),(160,8,111,20230918,8,879.92),(161,9,112,20230316,1,75.99),(162,3,101,20230705,11,329.89),(163,8,112,20240115,10,759.90),(164,8,109,20231011,12,1079.88),(165,8,107,20230918,8,279.92),(166,9,110,20231214,9,899.91),(167,4,112,20231030,15,1139.85),(168,5,111,20230825,6,659.94),(169,10,108,20230909,14,979.86),(170,1,114,20230710,4,179.96),(171,4,107,20231003,11,384.89),(172,6,105,20231126,15,899.85),(173,2,110,20230811,15,1499.85),(174,2,113,20231101,6,377.94),(175,6,108,20231022,9,629.91),(176,9,113,20231007,5,314.95),(177,5,115,20230812,14,1231.86),(178,3,103,20240109,12,239.88),(179,10,106,20230922,6,479.94),(180,3,114,20230709,16,719.84),(181,10,105,20230324,9,539.91),(182,6,102,20231025,12,599.88),(183,2,103,20231013,11,219.89),(184,7,108,20230907,13,909.87),(185,7,115,20231108,5,439.95),(186,5,113,20230213,8,503.92),(187,6,101,20230826,1,29.99),(188,5,113,20230324,13,818.87),(189,1,104,20231121,16,639.84),(190,4,114,20231019,11,494.89),(191,9,113,20230623,2,125.98),(192,1,114,20230418,2,89.98),(193,8,103,20240110,11,219.89),(194,9,108,20230301,12,839.88),(195,6,104,20231218,8,319.92),(196,2,110,20230213,8,799.92),(197,9,107,20231205,12,419.88),(198,6,104,20230804,11,439.89),(199,10,111,20230707,12,1319.88),(200,6,111,20231215,3,329.97),(201,10,108,20231202,3,209.97),(202,7,106,20230615,1,79.99),(203,1,113,20230512,7,440.93),(205,9,106,20231119,7,559.93),(206,10,101,20230328,10,299.90),(207,8,106,20230413,14,1119.86),(209,5,115,20231216,10,879.90),(210,5,115,20231203,12,1055.88),(211,9,115,20230530,8,703.92),(212,6,106,20230625,11,879.89),(213,1,112,20231007,9,683.91),(215,9,104,20230517,5,199.95),(216,10,103,20230402,14,279.86),(217,6,109,20231107,14,1259.86),(218,8,103,20240108,11,219.89),(219,7,106,20230204,11,879.89),(220,4,114,20230711,1,44.99),(221,4,105,20230912,3,179.97),(222,3,112,20231212,2,151.98),(223,3,112,20231216,5,379.95),(224,6,112,20230212,12,911.88),(225,2,115,20230926,13,1143.87),(226,2,109,20230227,8,719.92),(227,9,112,20230820,2,151.98),(228,2,110,20230825,3,299.97),(229,8,113,20231008,7,440.93),(230,4,104,20240121,4,159.96),(232,2,104,20230813,14,559.86),(233,5,104,20230215,14,559.86),(234,6,112,20230623,6,455.94),(235,10,108,20230903,4,279.96),(236,7,105,20231016,6,359.94),(237,8,114,20231115,14,629.86),(238,6,114,20230126,1,44.99),(239,6,109,20230209,14,1259.86),(240,3,107,20231005,5,174.95),(241,8,105,20230810,2,119.98),(242,4,107,20231006,13,454.87),(243,9,114,20230804,14,629.86),(244,9,107,20230612,7,244.93),(245,4,106,20230803,5,399.95),(246,2,107,20230124,11,384.89),(247,10,106,20230912,15,1199.85),(248,4,102,20230904,2,99.98),(249,10,112,20230402,13,987.87),(250,5,106,20231101,6,479.94),(251,5,111,20230427,10,1099.90),(252,6,108,20231122,15,1049.85),(253,10,111,20230620,14,1539.86),(254,5,111,20231224,12,1319.88),(255,2,101,20231005,3,89.97),(256,9,109,20231230,13,1169.87),(257,8,104,20231110,4,159.96),(258,2,112,20231124,11,835.89),(259,7,101,20230821,15,449.85),(260,4,109,20230606,12,1079.88),(261,1,105,20230924,15,899.85),(262,6,107,20230804,14,489.86),(263,10,108,20230621,8,559.92),(264,8,115,20231210,2,175.98),(265,9,112,20230622,13,987.87),(266,9,101,20231019,1,29.99),(267,7,102,20230628,11,549.89),(268,3,108,20231204,6,419.94),(269,5,103,20231130,13,259.87),(270,6,108,20230524,15,1049.85),(271,6,114,20230319,12,539.88),(272,8,109,20230914,2,179.98),(273,4,103,20231211,4,79.96),(275,10,109,20230623,6,539.94),(276,7,111,20231113,16,1759.84),(277,7,111,20231219,13,1429.87),(278,7,109,20230609,13,1169.87),(279,4,111,20240122,15,1649.85),(280,1,112,20230908,2,151.98),(281,2,115,20240119,7,615.93),(282,6,113,20231027,15,944.85),(283,6,115,20230519,12,1055.88),(285,10,113,20230416,8,503.92),(286,9,114,20231027,2,89.98),(287,10,104,20230626,13,519.87),(288,3,113,20231006,8,503.92),(289,4,104,20230606,10,399.90),(290,8,104,20230424,12,479.88),(291,7,102,20230125,8,399.92),(292,10,111,20230813,10,1099.90),(293,6,107,20230228,12,419.88),(294,2,110,20230517,10,999.90),(295,8,103,20230214,5,99.95),(296,10,102,20230505,9,449.91),(297,4,115,20230824,15,1319.85),(298,8,108,20240112,3,209.97),(299,9,108,20230325,1,69.99),(300,2,105,20230211,6,359.94),(302,5,111,20230327,2,219.98),(303,9,110,20240108,9,899.91),(304,1,110,20230201,12,1199.88),(305,1,104,20230906,3,119.97),(306,10,104,20231004,10,399.90),(307,2,111,20230919,15,1649.85),(308,8,112,20230602,11,835.89),(309,9,105,20230410,9,539.91),(310,5,114,20231227,5,224.95),(311,1,107,20240109,12,419.88),(312,8,114,20231009,7,314.93),(314,3,111,20231011,6,659.94),(315,8,102,20230210,10,499.90),(316,3,115,20231010,6,527.94),(317,3,103,20240121,14,279.86),(318,6,114,20230618,7,314.93),(319,10,105,20231003,12,719.88),(320,9,110,20230906,3,299.97),(321,6,106,20230816,6,479.94),(322,5,105,20230328,9,539.91),(323,7,108,20230602,5,349.95),(325,6,113,20230514,15,944.85),(326,9,114,20230407,16,719.84),(327,8,110,20230803,5,499.95),(328,2,106,20240103,9,719.91),(329,10,109,20240102,16,1439.84),(330,3,109,20231015,2,179.98),(331,4,113,20230621,16,1007.84),(332,8,106,20231118,2,159.98),(333,9,111,20230920,8,879.92),(334,4,105,20230430,15,899.85),(335,3,108,20230808,4,279.96),(336,1,112,20230804,9,683.91),(337,6,103,20230429,6,119.94),(338,9,110,20230312,10,999.90),(339,8,113,20240120,10,629.90),(340,4,107,20230726,4,139.96),(341,4,114,20230409,5,224.95),(343,3,111,20230417,14,1539.86),(344,9,102,20230203,5,249.95),(345,7,109,20230131,8,719.92),(346,10,112,20230820,15,1139.85),(347,2,103,20230809,11,219.89),(348,9,103,20230719,4,79.96),(349,10,111,20230603,6,659.94),(350,5,104,20231127,8,319.92),(351,7,102,20230520,4,199.96),(352,7,114,20231001,14,629.86),(353,7,114,20230914,3,134.97),(354,3,111,20230517,15,1649.85),(355,9,108,20231021,15,1049.85),(356,3,109,20230215,6,539.94),(357,1,102,20230702,6,299.94),(358,2,108,20230826,5,349.95),(359,2,105,20230303,11,659.89),(360,5,112,20231219,11,835.89),(361,4,101,20230206,4,119.96),(362,3,106,20230818,5,399.95),(363,7,111,20230905,4,439.96),(364,7,114,20230906,15,674.85),(365,1,111,20230410,11,1209.89),(366,3,106,20230401,1,79.99),(367,3,112,20230524,4,303.96),(368,10,113,20230719,4,251.96),(369,2,114,20231020,9,404.91),(370,7,106,20230312,7,559.93),(371,5,113,20231125,12,755.88),(372,9,102,20230630,13,649.87),(373,5,115,20231015,7,615.93),(374,8,105,20230616,12,719.88),(375,9,104,20231121,16,639.84),(376,6,103,20230407,14,279.86),(377,9,110,20230506,12,1199.88),(378,4,104,20240110,15,599.85),(379,7,108,20230426,16,1119.84),(381,8,115,20230929,15,1319.85),(382,9,112,20230730,2,151.98),(383,5,109,20230522,11,989.89),(384,7,103,20230323,15,299.85),(385,5,112,20230613,6,455.94),(386,3,105,20231227,10,599.90),(387,6,115,20231022,9,791.91),(388,4,113,20230317,2,125.98),(390,4,111,20231107,1,109.99),(391,8,106,20230428,3,239.97),(392,10,108,20230319,12,839.88),(393,10,113,20230515,8,503.92),(394,7,108,20230403,12,839.88),(395,7,110,20230909,6,599.94),(396,9,107,20230204,13,454.87),(397,1,110,20230612,3,299.97),(398,10,105,20230321,11,659.89),(399,7,112,20230512,10,759.90),(400,6,114,20231220,2,89.98),(401,6,108,20230207,11,769.89),(402,8,115,20230506,2,175.98),(403,9,110,20230316,8,799.92),(404,5,108,20230205,4,279.96),(405,4,104,20230209,4,159.96),(406,10,111,20230506,4,439.96),(407,9,115,20230506,1,87.99),(408,5,108,20230401,6,419.94),(409,4,112,20230425,2,151.98),(410,3,103,20230422,4,79.96),(411,9,101,20230810,6,179.94),(412,4,113,20230418,9,566.91),(413,9,106,20230729,6,479.94),(414,2,102,20230516,10,499.90),(415,7,112,20230126,3,227.97),(416,3,103,20231221,15,299.85),(417,7,112,20230328,3,227.97),(418,7,108,20231002,3,209.97),(419,3,104,20230809,3,119.97),(421,8,101,20231020,5,149.95),(422,3,107,20240109,14,489.86),(423,8,102,20230614,6,299.94),(425,2,111,20230326,13,1429.87),(426,3,102,20230409,5,249.95),(427,5,107,20230312,12,419.88),(428,6,104,20230913,15,599.85),(429,3,105,20230607,12,719.88),(430,7,114,20230206,15,674.85),(431,1,110,20230917,12,1199.88),(432,4,115,20231002,12,1055.88),(433,4,103,20230714,15,299.85),(434,3,111,20230320,14,1539.86),(435,7,107,20230411,5,174.95),(436,6,110,20231123,16,1599.84),(437,2,114,20231211,11,494.89),(438,1,109,20230520,15,1349.85),(439,8,101,20240103,12,359.88),(440,6,102,20231007,3,149.97),(441,4,104,20230706,12,479.88),(442,10,110,20230723,4,399.96),(443,8,111,20230222,2,219.98),(444,1,102,20230504,11,549.89),(445,4,115,20230814,15,1319.85),(446,3,105,20231128,13,779.87),(447,8,104,20230413,14,559.86),(448,10,105,20230414,13,779.87),(449,10,107,20230225,4,139.96),(450,1,114,20230327,14,629.86),(451,4,112,20240108,3,227.97),(452,10,109,20230401,8,719.92),(453,7,114,20230124,11,494.89),(454,6,111,20230213,13,1429.87),(455,1,101,20230812,2,59.98),(456,1,115,20230203,12,1055.88),(457,1,111,20230204,11,1209.89),(458,6,105,20230818,2,119.98),(459,1,114,20231029,2,89.98),(460,7,111,20231108,4,439.96),(461,8,113,20230923,5,314.95),(462,1,111,20230921,3,329.97),(463,8,114,20230408,9,404.91),(464,2,105,20230206,3,179.97),(465,1,113,20230407,9,566.91),(466,10,111,20230731,15,1649.85),(467,2,103,20230917,11,219.89),(468,7,107,20230729,12,419.88),(469,10,114,20231101,7,314.93),(470,1,104,20230525,1,39.99),(471,5,108,20230709,8,559.92),(472,2,106,20240112,3,239.97),(473,10,113,20231231,6,377.94),(474,8,111,20230903,9,989.91),(475,2,114,20231026,14,629.86),(476,6,112,20230504,10,759.90),(477,1,104,20231004,6,239.94),(478,3,102,20230717,1,49.99),(479,5,106,20230723,16,1279.84),(480,5,109,20231018,16,1439.84),(481,1,104,20230429,7,279.93),(482,6,105,20230926,5,299.95),(483,8,111,20230925,14,1539.86),(484,7,105,20230825,8,479.92),(485,4,103,20230923,14,279.86),(486,1,111,20231028,11,1209.89),(487,1,110,20230218,12,1199.88),(488,2,110,20230511,6,599.94),(489,8,105,20240107,15,899.85),(490,9,106,20230521,8,639.92),(491,2,107,20230311,6,209.94),(492,10,108,20230710,1,69.99),(493,6,106,20230224,10,799.90),(494,2,115,20230615,15,1319.85),(495,9,103,20230406,12,239.88),(496,6,104,20230823,2,79.98),(497,2,114,20231025,3,134.97),(498,8,111,20230521,7,769.93),(499,6,115,20231119,11,967.89),(500,8,109,20230413,12,1079.88),(501,6,103,20230220,9,179.91),(502,9,105,20230909,3,179.97),(503,1,101,20230812,1,29.99),(504,7,109,20230419,16,1439.84),(505,6,113,20230226,5,314.95),(506,6,112,20230720,5,379.95),(507,8,115,20231101,15,1319.85),(508,6,107,20231124,14,489.86),(509,2,110,20230506,16,1599.84),(510,7,104,20230305,9,359.91),(511,9,113,20230315,12,755.88),(512,1,112,20230130,5,379.95),(513,7,113,20230616,12,755.88),(514,7,107,20231006,3,104.97),(516,7,109,20230305,4,359.96),(517,6,111,20230324,16,1759.84),(519,2,111,20230706,6,659.94),(520,7,111,20230606,1,109.99),(521,3,112,20230901,10,759.90),(522,1,109,20231122,5,449.95),(523,10,108,20230204,16,1119.84),(524,7,115,20230504,10,879.90),(525,4,115,20230515,13,1143.87),(526,9,109,20230321,13,1169.87),(527,10,107,20230609,14,489.86),(528,10,111,20230514,9,989.91),(529,4,106,20230903,11,879.89),(530,4,115,20230810,12,1055.88),(531,10,112,20231019,2,151.98),(532,7,105,20230725,3,179.97),(533,7,111,20240108,8,879.92),(534,3,112,20231204,13,987.87),(535,5,107,20231124,12,419.88),(536,1,113,20230831,4,251.96),(537,10,112,20230525,14,1063.86),(538,7,109,20230623,2,179.98),(540,6,114,20230718,4,179.96),(541,7,107,20231030,11,384.89),(542,6,104,20231027,10,399.90),(543,4,114,20230203,5,224.95),(544,9,108,20230217,12,839.88),(545,5,107,20230322,12,419.88),(546,4,106,20231108,13,1039.87),(547,7,102,20231209,7,349.93),(548,6,112,20231206,15,1139.85),(549,9,102,20230507,11,549.89),(550,7,114,20231106,9,404.91),(551,7,115,20230531,14,1231.86),(552,2,115,20231002,1,87.99),(554,1,106,20230505,5,399.95),(555,10,111,20230320,9,989.91),(556,6,107,20230713,11,384.89),(557,7,114,20230225,7,314.93),(558,5,108,20230425,3,209.97),(559,6,106,20240123,2,159.98),(560,5,104,20230804,3,119.97),(561,7,114,20231201,14,629.86),(562,2,103,20230524,14,279.86),(563,7,114,20231021,5,224.95),(564,2,108,20230831,14,979.86),(565,2,107,20230429,12,419.88),(566,10,102,20230726,16,799.84),(567,8,102,20230125,14,699.86),(568,5,110,20230323,6,599.94),(569,2,114,20230323,14,629.86),(570,4,106,20230326,15,1199.85),(571,1,113,20230804,9,566.91),(572,4,111,20230226,2,219.98),(573,9,109,20240111,8,719.92),(574,3,111,20230217,7,769.93),(575,2,105,20230529,13,779.87),(576,10,105,20231006,7,419.93),(577,4,106,20230220,10,799.90),(578,6,114,20240120,5,224.95),(579,10,108,20231104,8,559.92),(580,10,114,20230928,8,359.92),(581,3,111,20230920,12,1319.88),(582,9,102,20230404,1,49.99),(583,4,104,20230614,13,519.87),(584,7,114,20230510,7,314.93),(585,5,113,20230429,14,881.86),(586,6,106,20240109,13,1039.87),(587,7,115,20230218,13,1143.87),(588,4,109,20230605,2,179.98),(589,8,114,20230421,15,674.85),(590,3,115,20231019,14,1231.86),(591,8,112,20230226,14,1063.86),(592,8,115,20230607,2,175.98),(593,5,112,20230909,11,835.89),(594,2,109,20231226,14,1259.86),(595,2,102,20230813,9,449.91),(596,9,102,20230209,10,499.90),(597,6,107,20230522,10,349.90),(598,7,102,20230924,7,349.93),(599,5,109,20230130,10,899.90),(600,4,115,20230819,10,879.90),(601,2,115,20230816,7,615.93),(602,3,107,20230217,1,34.99),(603,10,102,20230813,9,449.91),(604,8,105,20230329,14,839.86),(605,4,109,20230914,15,1349.85),(606,5,113,20230908,10,629.90),(607,7,109,20230607,3,269.97),(608,1,106,20231205,8,639.92),(609,7,112,20240122,13,987.87),(610,6,113,20230729,16,1007.84),(611,7,103,20230724,8,159.92),(612,3,108,20230911,12,839.88),(613,9,112,20231222,6,455.94),(614,3,115,20230217,1,87.99),(615,3,113,20231027,6,377.94),(616,3,113,20230630,2,125.98),(617,3,101,20230502,5,149.95),(618,6,104,20230603,2,79.98),(619,1,114,20230908,7,314.93),(620,6,102,20230617,4,199.96),(621,4,112,20240114,2,151.98),(622,4,115,20240111,4,351.96),(623,2,112,20231031,5,379.95),(624,6,111,20230414,10,1099.90),(625,7,104,20231112,10,399.90),(626,3,105,20230128,13,779.87),(627,10,104,20230407,12,479.88),(628,5,108,20231216,6,419.94),(629,10,113,20231019,12,755.88),(630,5,107,20230327,5,174.95),(631,3,106,20230708,15,1199.85),(632,6,107,20240119,13,454.87),(633,10,112,20231208,3,227.97),(634,9,111,20230209,4,439.96),(635,5,105,20230624,16,959.84),(636,6,105,20230825,15,899.85),(637,6,114,20230307,6,269.94),(638,1,110,20230227,8,799.92),(639,2,102,20231225,7,349.93),(640,7,114,20231218,4,179.96),(641,7,101,20230226,2,59.98),(642,2,113,20230213,11,692.89),(643,10,107,20230311,14,489.86),(644,5,114,20230921,2,89.98),(646,8,105,20230929,9,539.91),(647,2,106,20231129,6,479.94),(648,2,111,20230420,4,439.96),(649,1,109,20230405,14,1259.86),(650,8,113,20230328,12,755.88),(651,5,110,20230928,2,199.98),(652,2,113,20230302,3,188.97),(653,7,108,20231230,11,769.89),(655,8,109,20231126,3,269.97),(656,7,110,20231114,14,1399.86),(658,10,103,20240107,15,299.85),(659,10,102,20231219,11,549.89),(660,6,109,20231207,16,1439.84),(661,4,106,20230831,3,239.97),(662,6,103,20231206,7,139.93),(663,3,115,20231003,16,1407.84),(664,10,113,20230714,5,314.95),(665,1,106,20230127,3,239.97),(666,8,115,20230814,12,1055.88),(668,6,105,20230924,7,419.93),(669,7,101,20231202,10,299.90),(670,8,112,20231013,13,987.87),(671,8,101,20230720,14,419.86),(672,6,108,20230416,2,139.98),(673,1,115,20231210,2,175.98),(674,10,111,20230815,1,109.99),(675,3,105,20230430,15,899.85),(676,1,102,20230711,14,699.86),(677,3,109,20230131,2,179.98),(678,7,115,20231005,2,175.98),(679,9,111,20230424,7,769.93),(680,6,107,20230921,3,104.97),(681,9,113,20231227,14,881.86),(682,3,108,20230920,16,1119.84),(683,2,109,20230510,6,539.94),(684,9,115,20230425,4,351.96),(685,3,115,20240114,10,879.90),(686,9,112,20230630,3,227.97),(687,9,107,20230205,2,69.98),(688,5,110,20230615,7,699.93),(689,2,104,20230822,10,399.90),(690,7,113,20230624,3,188.97),(691,4,111,20231204,11,1209.89),(692,2,109,20230923,6,539.94),(693,2,106,20230703,11,879.89),(694,9,111,20230406,4,439.96),(695,1,107,20230201,15,524.85),(696,2,115,20230618,5,439.95),(697,9,112,20230611,15,1139.85),(698,9,109,20231017,4,359.96),(699,6,102,20230516,4,199.96),(700,6,109,20230922,13,1169.87),(701,5,109,20230815,6,539.94),(702,5,109,20230429,7,629.93),(703,8,114,20231207,3,134.97),(704,10,103,20230222,11,219.89),(705,3,106,20230329,5,399.95),(706,5,108,20230630,8,559.92),(707,3,104,20231221,3,119.97),(709,7,108,20231110,14,979.86),(710,3,106,20231231,15,1199.85),(711,10,115,20231222,15,1319.85),(712,1,112,20230503,3,227.97),(713,4,105,20240121,12,719.88),(714,10,111,20231025,9,989.91),(715,1,103,20231207,11,219.89),(716,4,104,20230226,11,439.89),(717,10,115,20230914,14,1231.86),(718,8,101,20231116,12,359.88),(719,2,102,20230316,14,699.86),(720,5,104,20230513,5,199.95),(721,3,112,20230210,4,303.96),(722,4,107,20230205,10,349.90),(723,1,112,20230829,6,455.94),(724,1,113,20230503,11,692.89),(725,2,112,20230806,10,759.90),(726,6,111,20240105,14,1539.86),(727,8,102,20240107,2,99.98),(728,7,103,20230415,7,139.93),(729,4,105,20231208,15,899.85),(730,8,110,20231001,13,1299.87),(731,7,106,20230507,1,79.99),(732,7,107,20231005,14,489.86),(733,8,106,20231213,8,639.92),(734,2,108,20230204,7,489.93),(735,1,110,20230315,7,699.93),(736,4,107,20230302,4,139.96),(737,2,108,20231207,4,279.96),(738,2,103,20230401,9,179.91),(739,10,107,20230429,9,314.91),(740,7,115,20230806,9,791.91),(741,9,114,20230210,14,629.86),(742,1,104,20231109,7,279.93),(743,10,110,20230418,8,799.92),(744,4,112,20230423,8,607.92),(745,8,103,20240108,3,59.97),(746,9,112,20231017,14,1063.86),(747,3,114,20230820,9,404.91),(748,7,115,20231203,3,263.97),(749,6,111,20230222,4,439.96),(750,7,108,20240111,7,489.93),(751,5,113,20230927,12,755.88),(752,8,104,20240119,11,439.89),(753,5,111,20240113,6,659.94),(754,7,107,20230618,7,244.93),(755,5,104,20231214,14,559.86),(756,2,103,20230711,15,299.85),(757,4,113,20230920,13,818.87),(758,9,108,20231201,4,279.96),(759,2,101,20230206,9,269.91),(760,9,105,20231026,8,479.92),(761,9,108,20231116,7,489.93),(762,4,102,20230625,3,149.97),(763,4,110,20230829,9,899.91),(764,6,107,20230217,12,419.88),(765,7,113,20230521,7,440.93),(766,5,110,20230625,10,999.90),(767,1,109,20231002,12,1079.88),(768,2,102,20230327,6,299.94),(769,7,102,20230908,6,299.94),(770,7,103,20230808,13,259.87),(771,5,105,20240102,9,539.91),(772,7,108,20231014,12,839.88),(774,6,113,20230525,10,629.90),(775,9,110,20230831,8,799.92),(776,9,112,20230918,3,227.97),(777,4,104,20231018,6,239.94),(778,3,105,20230527,6,359.94),(779,7,111,20231207,1,109.99),(780,6,109,20230622,4,359.96),(781,3,110,20230617,12,1199.88),(782,4,108,20231014,15,1049.85),(783,7,114,20231012,8,359.92),(784,2,112,20230502,13,987.87),(785,1,112,20231021,15,1139.85),(786,9,115,20230312,11,967.89),(787,3,107,20230424,13,454.87),(788,7,103,20231217,3,59.97),(789,10,105,20230420,13,779.87),(790,10,103,20230915,14,279.86),(791,5,111,20231221,6,659.94),(792,9,103,20240109,3,59.97),(793,2,106,20240108,7,559.93),(794,4,108,20230516,14,979.86),(795,4,102,20231102,2,99.98),(796,8,109,20230921,6,539.94),(797,6,112,20230708,15,1139.85),(798,7,102,20230719,7,349.93),(799,2,102,20231102,1,49.99),(800,4,114,20230912,14,629.86),(801,8,115,20230826,15,1319.85),(802,3,109,20230626,14,1259.86),(803,5,110,20230126,7,699.93),(804,4,110,20230812,15,1499.85),(805,9,105,20231008,6,359.94),(806,10,111,20230813,6,659.94),(807,8,107,20230530,12,419.88),(808,3,101,20240116,12,359.88),(809,9,115,20240102,15,1319.85),(810,10,113,20230612,4,251.96),(811,2,103,20230917,12,239.88),(812,3,103,20240104,13,259.87),(813,10,102,20230505,3,149.97),(814,9,114,20230827,9,404.91),(815,4,108,20230426,14,979.86),(816,2,102,20240123,9,449.91),(817,10,107,20231207,14,489.86),(818,9,109,20240122,16,1439.84),(819,4,103,20230820,9,179.91),(820,1,114,20230615,11,494.89),(821,2,109,20231211,10,899.90),(822,9,114,20230406,12,539.88),(823,6,115,20230402,15,1319.85),(824,6,113,20230416,12,755.88),(825,2,102,20231010,1,49.99),(826,8,102,20230417,7,349.93),(827,1,101,20231205,13,389.87),(828,8,105,20231215,6,359.94),(829,10,103,20230817,15,299.85),(830,3,109,20231120,15,1349.85),(831,1,109,20230126,13,1169.87),(832,8,102,20230305,12,599.88),(833,10,105,20230924,1,59.99),(834,4,106,20230326,4,319.96),(835,6,108,20231123,4,279.96),(836,4,102,20230711,7,349.93),(837,10,105,20230206,12,719.88),(838,10,108,20230331,10,699.90),(839,2,105,20230330,2,119.98),(840,8,111,20231218,13,1429.87),(841,2,105,20230707,3,179.97),(842,2,103,20230727,4,79.96),(843,5,108,20230616,5,349.95),(844,9,114,20230328,14,629.86),(845,7,106,20240107,12,959.88),(846,2,106,20230412,8,639.92),(847,6,107,20230705,5,174.95),(849,7,112,20230610,12,911.88),(850,9,107,20231222,6,209.94),(851,2,106,20231223,11,879.89),(852,6,108,20230416,8,559.92),(853,6,106,20231218,8,639.92),(854,4,114,20231125,5,224.95),(855,8,105,20230713,1,59.99),(856,5,103,20230720,10,199.90),(857,1,114,20230906,12,539.88),(858,6,111,20230619,6,659.94),(859,8,110,20230815,11,1099.89),(860,6,114,20230312,12,539.88),(861,1,111,20230514,13,1429.87),(862,5,110,20230522,7,699.93),(863,3,114,20231016,6,269.94),(864,2,103,20231004,14,279.86),(865,2,107,20231206,7,244.93),(866,1,114,20240115,7,314.93),(867,7,109,20230309,13,1169.87),(868,5,106,20230207,14,1119.86),(869,1,114,20230502,11,494.89),(870,4,111,20230508,11,1209.89),(871,4,101,20230314,4,119.96),(872,10,108,20240121,15,1049.85),(873,9,103,20230621,11,219.89),(874,10,107,20230427,9,314.91),(875,7,102,20230924,7,349.93),(876,6,112,20230809,7,531.93),(877,9,104,20230723,12,479.88),(878,10,103,20231127,16,319.84),(879,7,111,20230912,7,769.93),(880,6,108,20230503,6,419.94),(882,1,109,20230324,15,1349.85),(884,2,108,20230812,16,1119.84),(885,9,103,20230928,9,179.91),(886,5,102,20230522,3,149.97),(887,6,115,20231005,13,1143.87),(888,1,112,20231015,10,759.90),(889,6,106,20230212,3,239.97),(890,8,103,20230815,6,119.94),(891,10,114,20240101,9,404.91),(892,5,113,20231202,9,566.91),(893,10,107,20240110,9,314.91),(894,2,103,20230213,10,199.90),(895,9,109,20230807,8,719.92),(896,2,112,20230426,4,303.96),(897,2,108,20230427,14,979.86),(898,5,115,20231116,3,263.97),(899,6,105,20230128,9,539.91),(900,8,109,20230531,5,449.95),(901,6,108,20231018,3,209.97),(902,3,107,20231026,6,209.94),(904,8,114,20230324,13,584.87),(905,8,111,20230530,7,769.93),(906,3,102,20231010,4,199.96),(907,7,109,20230509,7,629.93),(908,5,114,20230827,16,719.84),(909,6,103,20230808,13,259.87),(910,8,105,20231129,10,599.90),(911,1,106,20230219,8,639.92),(912,8,108,20230604,15,1049.85),(913,3,109,20230307,11,989.89),(914,9,114,20230401,11,494.89),(915,6,115,20231212,13,1143.87),(916,3,101,20240107,16,479.84),(917,1,113,20231107,2,125.98),(918,9,102,20230304,2,99.98),(919,4,101,20230128,8,239.92),(920,10,115,20231128,1,87.99),(921,8,102,20230525,9,449.91),(922,9,105,20231202,12,719.88),(923,3,115,20230707,9,791.91),(924,2,108,20230607,15,1049.85),(925,5,110,20230202,7,699.93),(926,6,114,20231129,14,629.86),(927,5,104,20230225,2,79.98),(928,7,108,20230408,4,279.96),(930,3,111,20240106,16,1759.84),(931,8,104,20230324,8,319.92),(932,5,106,20230620,7,559.93),(933,10,114,20230820,1,44.99),(934,3,109,20230713,12,1079.88),(935,9,106,20231006,2,159.98),(936,8,112,20230719,7,531.93),(937,1,110,20230426,4,399.96),(938,3,111,20231010,6,659.94),(939,4,114,20230927,2,89.98),(940,7,111,20230319,10,1099.90),(941,9,111,20230813,3,329.97),(942,5,106,20231009,4,319.96),(943,4,113,20230626,11,692.89),(944,10,107,20230707,14,489.86),(945,5,107,20230706,11,384.89),(946,1,107,20230224,14,489.86),(947,1,110,20230623,4,399.96),(948,4,107,20230404,11,384.89),(949,4,112,20230722,15,1139.85),(950,4,112,20230810,7,531.93),(951,2,109,20230429,8,719.92),(952,1,113,20230504,5,314.95),(953,10,112,20230510,15,1139.85),(954,3,105,20230928,2,119.98),(956,1,104,20230329,9,359.91),(957,1,115,20240123,2,175.98),(958,2,110,20230715,6,599.94),(959,9,103,20231203,11,219.89),(960,2,115,20231011,7,615.93),(962,6,112,20230316,15,1139.85),(963,10,101,20231128,12,359.88),(964,6,115,20230412,5,439.95),(965,3,107,20230902,2,69.98),(966,8,103,20230920,8,159.92),(967,6,105,20230209,10,599.90),(968,3,110,20230806,10,999.90),(969,4,114,20230802,4,179.96),(970,2,107,20230703,12,419.88),(971,3,110,20230726,10,999.90),(972,4,113,20231215,2,125.98),(973,8,104,20231007,13,519.87),(974,3,103,20230503,4,79.96),(975,7,107,20240114,8,279.92),(976,1,109,20230529,4,359.96),(977,1,107,20230202,13,454.87),(978,4,102,20231104,11,549.89),(979,1,106,20230326,15,1199.85),(980,3,102,20230921,4,199.96),(981,1,106,20231215,3,239.97),(982,2,111,20230405,4,439.96),(983,7,115,20230714,9,791.91),(984,5,108,20230312,1,69.99),(985,8,104,20230403,14,559.86),(986,9,106,20231223,12,959.88),(987,1,115,20231021,8,703.92),(988,9,102,20230513,11,549.89),(989,10,104,20231104,4,159.96),(990,8,115,20230208,11,967.89),(991,6,106,20231121,3,239.97),(992,6,114,20230905,12,539.88),(993,1,108,20230219,2,139.98),(994,7,109,20230310,16,1439.84),(995,1,103,20230305,6,119.94),(996,9,103,20230529,9,179.91),(997,9,115,20230422,12,1055.88),(999,2,105,20230306,11,659.89),(1000,3,112,20230313,14,1063.86);
/*!40000 ALTER TABLE `orders` ENABLE KEYS */;
UNLOCK TABLES;

--
-- Table structure for table `products`
--

DROP TABLE IF EXISTS `products`;
/*!40101 SET @saved_cs_client     = @@character_set_client */;
/*!50503 SET character_set_client = utf8mb4 */;
CREATE TABLE `products` (
  `product_id` int(11) NOT NULL,
  `product_name` varchar(100) CHARACTER SET utf8 DEFAULT NULL,
  `price` decimal(10,2) DEFAULT NULL,
  `description` varchar(255) CHARACTER SET utf8 DEFAULT NULL,
  PRIMARY KEY (`product_id`)
) ENGINE=InnoDB DEFAULT CHARSET=latin1;
/*!40101 SET character_set_client = @saved_cs_client */;

--
-- Dumping data for table `products`
--

LOCK TABLES `products` WRITE;
/*!40000 ALTER TABLE `products` DISABLE KEYS */;
INSERT INTO `products` VALUES (101,'Product A',29.99,'Description for Product A'),(102,'Product B',49.99,'Description for Product B'),(103,'Product C',19.99,'Description for Product C'),(104,'Product D',39.99,'Description for Product D'),(105,'Product E',59.99,'Description for Product E'),(106,'Product F',79.99,'Description for Product F'),(107,'Product G',34.99,'Description for Product G'),(108,'Product H',69.99,'Description for Product H'),(109,'Product I',89.99,'Description for Product I'),(110,'Product J',99.99,'Description for Product J'),(111,'Product K',109.99,'Description for Product K'),(112,'Product N',75.99,'Description for Product N'),(113,'Product M',62.99,'Description for Product M'),(114,'Product U',44.99,'Description for Product U'),(115,'Product W',87.99,'Description for Product W');
/*!40000 ALTER TABLE `products` ENABLE KEYS */;
UNLOCK TABLES;

--
-- Table structure for table `users`
--

DROP TABLE IF EXISTS `users`;
/*!40101 SET @saved_cs_client     = @@character_set_client */;
/*!50503 SET character_set_client = utf8mb4 */;
CREATE TABLE `users` (
  `user_id` int(11) NOT NULL,
  `user_name` varchar(50) CHARACTER SET utf8 DEFAULT NULL,
  `email` varchar(100) CHARACTER SET utf8 DEFAULT NULL,
  `address` varchar(255) CHARACTER SET utf8 DEFAULT NULL,
  PRIMARY KEY (`user_id`)
) ENGINE=InnoDB DEFAULT CHARSET=latin1;
/*!40101 SET character_set_client = @saved_cs_client */;

--
-- Dumping data for table `users`
--

LOCK TABLES `users` WRITE;
/*!40000 ALTER TABLE `users` DISABLE KEYS */;
INSERT INTO `users` VALUES (1,'John Doe','john@example.com','123 Main St'),(2,'Jane Smith','jane@example.com','456 Oak Ave'),(3,'Alice Johnson','alice@example.com','789 Elm St'),(4,'Emily Johnson','emily@example.com','567 Pine St'),(5,'Michael Brown','michael@example.com','890 Cedar Ave'),(6,'Sophia Wilson','sophia@example.com','222 Maple St'),(7,'William Davis','william@example.com','333 Pine St'),(8,'Olivia Martinez','olivia@example.com','444 Oak Ave'),(9,'James Taylor','james@example.com','555 Elm St'),(10,'Ava Garcia','ava@example.com','666 Cedar Ave');
/*!40000 ALTER TABLE `users` ENABLE KEYS */;
UNLOCK TABLES;
/*!40103 SET TIME_ZONE=@OLD_TIME_ZONE */;

/*!40101 SET SQL_MODE=@OLD_SQL_MODE */;
/*!40014 SET FOREIGN_KEY_CHECKS=@OLD_FOREIGN_KEY_CHECKS */;
/*!40014 SET UNIQUE_CHECKS=@OLD_UNIQUE_CHECKS */;
/*!40101 SET CHARACTER_SET_CLIENT=@OLD_CHARACTER_SET_CLIENT */;
/*!40101 SET CHARACTER_SET_RESULTS=@OLD_CHARACTER_SET_RESULTS */;
/*!40101 SET COLLATION_CONNECTION=@OLD_COLLATION_CONNECTION */;
/*!40111 SET SQL_NOTES=@OLD_SQL_NOTES */;

-- Dump completed on 2024-01-25  0:41:11
